movie_id,actor_id
1549312,5700072
1549312,5700073
1549312,5700074
1549312,5700075
1549312,5700076
1524748,1878076
1524748,3548058
1258509,1472678
1258509,87663
1258509,2294554
1258509,3390757
1258509,3390756
1258509,55584
1258509,97109
1258509,2804815
1258509,1640021
1258509,1666210
878608,2223265
878608,21911
878608,993943
878608,81128
878608,106581
878608,1549530
878608,2198399
878608,1749258
878608,3852137
878608,3059166
1568785,4966992
1568785,4176533
1567761,1731993
1567761,2140917
1168402,1786470
1168402,4228988
1168402,1223726
1168402,231
1168402,1711569
1168402,212429
1168402,3401772
1168402,209151
1168402,1226806
1168402,82646
1284120,2890913
1284120,63769
1284120,1384976
1284120,3126191
1284120,3676023
1284120,2984635
1284120,114580
1284120,213487
1284120,968176
1284120,526011
1546265,5450691
1546265,2498240
1546265,5688562
1546265,5688563
1288219,1509899
1288219,3832196
1288219,25703
1288219,79082
1288219,65760
1288219,1488952
1288219,6950
1288219,45407
1288219,17039
682012,4109899
682012,5404403
682012,1758849
682012,3062141
682012,1855003
682012,3722071
682012,5404404
682012,5404405
682012,2436895
682012,1837760
1568796,2353434
1568796,5772759
1568796,5772760
1568796,5772761
1568796,5772762
1568796,5772784
1172507,4256123
1172507,2863366
1172507,1511024
1172507,2204431
1172507,2344102
1172507,1696022
1172507,2981562
1172507,1765534
1172507,1606060
1172507,1997967
1462304,5361665
1462304,5361666
1462304,5361668
1462304,4515560
1462304,5734952
1462304,5734953
1462304,5734954
1462304,5734955
1462304,5734956
1567779,3884721
1567779,5768969
1567779,5768970
1552421,4101576
1552421,4713006
1552421,1225534
1552421,1278477
1552421,1545548
1552421,1807976
1552421,1697398
1552421,4215845
1552421,5771076
1552421,5771089
1159206,2887
1159206,1023139
1159206,167640
1159206,44079
1159206,112
1159206,1080195
1159206,1048644
1159206,1789788
1159206,2275493
1159206,236639
1219620,42442
1219620,103008
1219620,1187037
1219620,1712859
1219620,24289
1219620,3702754
1219620,5231336
1219620,5231337
1219620,5231338
1219620,5231339
1568813,4006010
1371185,6968
1371185,11661
1371185,11486
1371185,26473
1371185,26485
1371185,933578
1371185,2463999
1371185,62385
1371185,5000216
1211442,1206334
1211442,3191695
1211442,1028899
1211442,3119545
1211442,23882
1211442,183814
1211442,4896970
1211442,2777320
1211442,3555315
1547316,3448718
1547316,3680146
1547316,1480056
1547316,3795244
1547316,1843167
1484861,1875915
1484861,5481165
1484861,5699183
1230916,1494902
1230916,1175988
1230916,1199947
1230916,1360831
1230916,3453748
1230916,2814863
1468488,88995
1468488,2418916
1468488,2185235
1468488,4809320
1468488,78433
1458251,973
1458251,984
1458251,1268988
1458251,1271537
1458251,2497784
1458251,1524862
1027147,4249371
1027147,4249372
1027147,4249373
1027147,1423877
1027147,4249374
1027147,4249375
1478739,933011
1478739,2461475
1405013,5129672
1405013,4403890
1405013,4897571
1405013,5129676
1565783,5761400
1565783,5761402
1565783,5761403
1453149,5324028
1453149,73628
1453149,2418919
1453149,13716
1022046,2762683
1022046,56871
1022046,25878
1022046,3580499
1022046,1431050
1022046,1884282
1022046,2615220
1022046,2450166
1022046,220615
1022046,76973
896096,5375564
896096,4951420
896096,1317111
896096,1040960
896096,127247
896096,225011
896096,947768
896096,1327742
896096,5375574
1568865,5353291
1549409,1301739
1549409,1424584
1303651,3820683
1303651,2008762
1303651,2272241
1303651,3820680
1565798,5761410
1565798,5761411
1565798,5761412
1565798,4398855
1565798,5761453
1565798,5764072
1566825,1763774
1566825,4010229
1566825,3804924
1566825,3749647
1566825,3673028
1567856,5343270
1567856,5769211
1567856,5343266
1567856,5769215
1567856,5769328
1567856,5769331
1567856,5769334
1567856,5769359
1567856,5769361
1567856,5769362
1382513,1092405
1382513,3179681
1382513,2138405
1382513,1074097
1382513,2374032
991351,3599578
991351,5634537
991351,3623608
991351,3599577
991351,3599580
991351,3599579
991351,3623609
991351,3694441
991351,3691194
991351,3623612
1546359,5688887
1546359,5688888
1546359,5688890
1546359,4364528
683127,1297661
683127,83527
683127,105403
683127,1179543
683127,80754
683127,65427
22650,11544
22650,15135
22650,40976
22650,32100
22650,39471
22650,39098
22650,24540
22650,1942
22650,574349
22650,7568
1418361,5293
1418361,1163685
1418361,5580561
1418361,5580562
1418361,1145476
1418361,5659789
1418361,5659790
1418361,49687
1551481,5710373
1551481,5710376
978046,1247382
978046,13260
978046,9222
978046,1234651
978046,1196772
978046,97824
978046,1570986
978046,1719996
978046,936648
978046,568583
1398911,5173944
1398911,5173945
1398911,59233
1398911,49971
1398911,5469363
1398911,5469365
1398911,5469369
1398911,5469370
1398911,5469371
1398911,5469372
1395839,4995151
1395839,3066719
1395839,2870994
1395839,3185102
1395839,2906878
1395839,2117114
1395839,4573690
1395839,3091384
1395839,4357023
1395839,4627157
1537151,2275122
1537151,1609470
1537151,3776157
1537151,3767409
1537151,3325639
1565823,5761468
1565823,5761469
1565823,5761471
1567874,5693003
1567874,5693002
1567874,5693009
1567874,4802312
1567874,5126131
1467523,5383063
1467523,5383064
1467523,1599725
1467523,2413141
1467523,5383066
1510537,5552154
1510537,3226110
1510537,5772150
1510537,5772152
1510537,5772153
1410189,1757075
1410189,60422
1410189,5168256
1410189,5168257
1410189,592227
1410189,5168259
1410189,2080407
1458322,4215259
1458322,3323070
1458322,5345471
1458322,2338811
1458322,2869019
1458322,996700
1458322,85930
1216662,2087239
1216662,1256488
1216662,2139451
1216662,3832882
1216662,1372475
1216662,1191711
1216662,1671441
1216662,1680316
1216662,3177082
1216662,3760426
1491097,5571787
1491097,5571788
1491097,5571789
1491097,5571791
1491097,5571792
1491097,5571794
1491097,5571795
1491097,5476889
1491097,2357022
1374361,2270760
1374361,1350977
1287322,115440
1287322,11107
1287322,28044
1287322,2252989
1287322,58019
1287322,1803480
1287322,124645
1287322,1116629
1287322,1380492
1563804,5753238
1563804,5771944
1563804,2220913
1563804,5771945
1563804,5771946
1563804,5771947
1563804,5771948
959646,1779027
959646,1254340
959646,1324469
959646,2102121
959646,1732279
959646,1496002
959646,77931
959646,93803
959646,1241498
9385,34676
9385,57540
9385,5185
9385,39098
9385,589521
9385,48417
9385,60688
9385,2345195
9385,131380
9385,57541
840873,93532
840873,19888
840873,1814783
840873,1732197
840873,2022358
840873,30435
840873,1423214
840873,1238452
840873,2438358
840873,206161
1560747,4087075
1560747,1759972
1560747,4337841
1560747,5768341
1560747,5277881
1560747,2278328
1560747,5768342
1560747,5768345
1560747,5768346
1560747,5768348
1271981,6020
1271981,22306
1271981,73828
1271981,3822
1271981,44079
1271981,765
1271981,13688
1271981,121533
1271981,4256983
1271981,19077
1566897,3281342
1566897,2541449
1566897,1950475
1566897,1748437
1566897,1748436
1566897,1922516
1566897,2294287
1566897,3062380
1472691,3120515
1472691,5404528
1545830,5101594
1545830,5686797
1546421,2838114
1433784,1523704
1374401,87345
1374401,1197738
1374401,1180907
1374401,5080941
505026,11181
505026,1364004
505026,516
505026,59919
505026,492791
505026,5539
505026,90633
505026,53807
505026,1223793
505026,2201315
1476803,38661
1476803,5421678
1476803,5421679
1476803,5464572
1557702,5731758
1557702,5731759
1557702,5731762
1299655,569
1299655,1392137
1299655,21127
1299655,125660
1299655,559627
1299655,163545
1299655,14432
1299655,3440085
1299655,2085605
1299655,5231296
1339592,552069
1339592,1254426
1339592,1419852
1339592,5186415
1339592,2446795
1339592,2344102
1339592,1482672
1339592,2215973
1339592,79574
1339592,567621
1364168,3053482
1364168,2510657
1364168,3578019
1364168,2949789
1364168,4377946
1340618,1714809
1340618,1375795
1340618,1689647
1340618,1990618
1340618,1473140
1566924,5766582
1566924,5766583
1566924,5766585
1566924,5766586
1566924,5766587
1566924,4462402
1566928,5765793
1566928,2497698
1149137,4151122
1149137,116173
1149137,1590642
1149137,136558
1149137,2539487
1149137,3976344
1149137,1522825
1149137,1138526
1149137,2464977
1149137,2552649
1562836,5314677
1124566,1576786
1124566,1640
1124566,1421850
1124566,18050
1124566,1367617
1124566,2556531
1124566,225835
1124566,5375135
1124566,71610
1124566,2244
1528023,5617558
1528023,5617556
1559766,5739997
1559766,5739999
1551579,1565208
1551579,1680719
1551579,5709009
1456349,5389673
1456349,5428352
1456349,2393767
1456349,5428353
1456349,5406499
1456349,5428354
1456349,2367456
1456349,5451568
1456349,5451569
1276126,4659751
1276126,4659752
1276126,4687558
1262815,5469
1262815,11279
1262815,13633
1262815,2629
1262815,589652
1262815,57461
1262815,31739
1262815,40660
1262815,6973
1262815,5612842
1545439,2577251
1545439,4093622
1545439,3936302
1539301,5663914
1539301,5663915
1539301,5663916
1539301,5663917
1539301,5663918
1539301,5662615
1282280,1747934
1282280,4137767
1282280,2893212
1282280,2220393
1282280,1189521
1282280,2424324
1561832,1972506
1567976,3269601
1561836,5083027
1561836,5746708
988397,4656066
988397,4656068
988397,1291233
988397,2477204
988397,1527021
988397,4656065
988397,4656070
988397,590831
988397,4725539
988397,4725541
1180909,2411944
1180909,4280638
1382639,3482562
1382639,5003020
1382639,5036194
1382639,5040607
1382639,5040610
1382639,5040611
1382639,5040614
1382639,5040615
144623,1121225
144623,1121224
144623,1121227
144623,1121229
144623,1121231
144623,1121233
144623,1121234
393457,5292
393457,19492
393457,196179
393457,1607522
393457,62649
393457,34
393457,1607523
393457,99407
393457,1725188
393457,134937
1509626,4741685
1509626,5549082
1531131,2249237
1531131,4609808
1531131,3179469
1531131,1301876
1531131,2148360
1562881,3229841
1562881,5750020
1562881,5377480
1562881,1087135
1562881,4893
1562881,4515828
1562881,25448
1562881,5750022
1562881,5750023
1562881,5750024
830721,10978
830721,350
830721,8534
830721,3239558
830721,9029
830721,87908
830721,4172579
830721,1539217
830721,40043
830721,1546861
1553666,3284
1562884,3291204
1562884,2517087
1562884,4502361
1562884,5202922
1562884,2933942
1562884,1434041
1562884,5750028
1562885,1788168
1562885,5313607
1562885,5750030
1562885,5750031
1562885,5750032
991494,78798
991494,6574
991494,70615
991494,34398
991494,78799
991494,188229
991494,2
991494,1457999
991494,2088734
991494,35705
1373445,3154311
1373445,98421
1373445,4614199
1373445,3553946
1373445,2766415
1373445,2089343
1373445,3705954
1373445,5067483
1373445,1092570
1373445,2340443
1234183,1692997
1234183,1583321
1234183,5649902
999689,4147319
999689,5183161
999689,5183168
999689,5182096
999689,2640689
999689,5196453
999689,20014
1397001,5104659
1397001,5104660
1397001,5104661
1397001,2677711
1471751,3394510
1471751,1384486
1471751,1672709
1205515,2425998
1205515,1537686
1205515,163731
1205515,1309781
1205515,1105079
1205515,3911
1205515,1218184
1205515,2849185
1205515,3887701
1205515,3075124
1564942,5757816
1564942,5757817
1564942,5757830
1564942,5757831
1397013,2299273
1397013,1184642
1404183,5383776
1032472,80921
1032472,3171312
1032472,238165
1032472,80863
1032472,1095403
1032472,53367
1032472,567065
1032472,1522261
1032472,148636
1032472,42092
1531161,5630702
1535260,3639321
1535260,5647154
1535260,5647155
1535260,5647156
1535260,4739659
1535260,5391354
1535260,5647160
1535260,3210956
1535260,5647162
1535260,4535289
1554721,5720123
1554721,544008
1554721,5021322
1373474,3592947
1373474,5013020
1373474,5072460
1373474,5076281
1373474,5076538
1373474,5076539
1373474,5076544
1373474,5076545
1373474,5083133
1373474,5092538
1418531,71057
1418531,939118
1418531,5233742
1418531,3163194
1501477,3566095
1501477,1641897
1501477,5517843
1356071,3634554
1356071,4941057
1356071,4307357
1356071,4985350
1356071,4985351
1151272,16972
1151272,4180392
1151272,5362709
1151272,5362711
1151272,5678639
1151272,5362714
1151272,5362717
1151272,5663519
1151272,5663522
1151272,5663525
1097001,2353469
1097001,1617157
1097001,1694435
1097001,126351
1097001,2221392
1097001,2133923
1097001,3961945
1097001,5699812
1502507,5698631
1533229,1272801
1533229,1560405
1533229,57795
1533229,1225061
1533229,2031895
1533229,2706836
1533229,3376044
1533229,2634984
1533229,1715864
1233199,2539573
1233199,1762594
1233199,2720928
1233199,3244117
1233199,4703146
1233199,2732098
1233199,4490530
1233199,2128187
1557810,5732111
1563956,1481043
1563956,3462762
1563956,2237918
1563956,2182185
1563956,120866
1563956,1557254
1563956,1911753
1497397,3787911
1497397,84223
1497397,5534968
1497397,1442069
1557814,40345
1532221,5634397
1340733,2292431
1340733,4154560
1340733,4912125
1488195,2343267
1488195,3127719
1488195,2239159
1488195,1696351
1488195,464993
1417541,4586522
1417541,4889205
1430855,5771312
1430855,5771313
1430855,5771314
1430855,5771315
1430855,5771316
1430855,5771317
1430855,5771318
1430855,5771319
1196364,1033157
1196364,1752056
1196364,85047
1196364,85033
1196364,2268369
1196364,1197127
1196364,5636402
1196364,2037263
1196364,1108119
1196364,581895
1078605,936970
1078605,16851
1078605,71375
1078605,148992
1078605,30082
1078605,23882
1078605,2407997
1078605,18271
1078605,1105322
1078605,2438324
1316173,226139
1316173,1045416
1316173,584981
1316173,1153128
1316173,3306669
1316173,1046852
1316173,228803
1316173,3374021
1316173,1052858
1316173,1361869
1168719,1337
1168719,121529
1168719,1502016
1168719,4062998
1168719,41965
1168719,2189127
1168719,5376056
1168719,2213431
1168719,2978255
1299799,1814793
1299799,512079
1299799,1555603
1299799,2192
1299799,5650144
1299799,4322318
1299799,90760
1299799,1345430
1299799,2458673
1299799,2306044
1291618,4841625
1291618,4841626
1291618,4841628
1291618,3020226
1291618,3939295
1507686,4138626
1507686,5541533
1507686,5697508
1284460,81051
1284460,229932
1284460,4606127
1284460,2201315
1284460,583853
1284460,3127864
1284460,5036399
1284460,5697819
1284460,180962
1284460,5760773
1159539,17064
1159539,15556
79220,11544
79220,35254
79220,25159
79220,94938
79220,143357
79220,298274
79220,94943
79220,263123
79220,11541
79220,586155
1202549,29384
1202549,3114578
1202549,99181
1202549,87575
1202549,1456151
1202549,3244448
1202549,124912
1202549,2782696
1202549,3796440
77174,113505
77174,558925
77174,84223
77174,1893
77174,54691
77174,41087
77174,60074
77174,36802
77174,1369
77174,8338
1548668,3138436
1548668,5697462
1450368,5311907
1450368,3120893
1450368,4332453
1450368,2418246
1450368,5413974
1450368,3280369
1567108,5766360
1567108,5766362
1567108,5766653
1567108,5766654
1567108,5766655
1567108,5766656
1567108,5766657
1567108,5766659
1567108,5766663
1567108,5766666
1563013,31647
1563013,112645
1563013,2839088
1563013,25877
1563013,1225906
1563013,1216570
1563013,1223435
1486212,2437346
1486212,1864950
1486216,2437346
1486216,1534889
1486216,5523015
1486216,4773249
1486216,5523016
1486216,5523017
1486216,5523018
1486216,5523019
1481097,2580815
1481097,5438608
1481097,5438610
1481097,5438613
1481097,2580831
1481097,5637286
1481097,5637287
1481097,5637288
1481097,544492
1481097,5637289
1423756,5203452
1423756,1155659
1423756,4300589
1423756,5203466
1423756,5010639
1423756,5203469
1423756,97698
1423756,4479427
1423756,2774453
1423756,5629310
1548684,5697553
1548684,5697557
1548684,5697560
1548684,5697563
1548684,5697566
1339797,1549905
1339797,4908111
1339797,4908112
1339797,2293347
1339797,2308263
1339797,4072903
1339797,2304018
1339797,2006649
1339797,4908118
1339797,4908121
649622,2114682
649622,929045
649622,2211468
1254808,3624024
1254808,1059597
1254808,4620704
1254808,1126301
1254808,3469206
1254808,24454
1254808,54923
1254808,2974312
1254808,236616
1254808,2250217
1398170,5063654
1559965,1024806
1559965,118586
1559965,3193618
1559965,32563
1559965,129653
1559965,2421942
1182110,2471224
1512864,5562388
1512864,5562395
1512864,5562402
1512864,966102
1478049,930961
1536419,5651473
1536419,5651474
1536419,5651475
1536419,5651476
1536419,5651478
1450404,1757602
1450404,2638191
1450404,24980
1450404,1441976
1450404,1663323
1450404,1062331
1450404,2991110
1263012,137905
1263012,1525047
1263012,91671
1263012,1158
1263012,2130
1263012,2673750
1263012,19197
1263012,5170801
1263012,5513053
1263012,1863954
1354152,4789163
1354152,2313619
1354152,2583108
1354152,5119667
1568168,5770404
1568168,1859194
1568168,5770406
1540522,5596385
1540522,5667150
1540522,5667152
1540522,5667153
1540522,5667156
1453488,5325503
1547699,2802376
1547699,2384368
1547699,2230212
1547699,2023055
1547699,2810379
1547699,2934174
1547699,1482431
1547699,3416658
1547699,2931300
1547699,3463754
797109,1470219
797109,1916226
797109,2256407
797109,573794
797109,2139736
797109,2256730
797109,87871
797109,2117665
797109,2240033
797109,3257324
645560,227189
645560,1194784
645560,1065168
645560,20508
645560,1234526
645560,1040553
645560,1234471
645560,227251
645560,1383664
645560,1139337
1414590,5313047
1414590,4961540
1414590,5361317
1414590,4848531
1414590,4954046
1414590,5460138
1414590,5313043
1414590,1302164
1401281,71070
1401281,1700685
1401281,1356758
1401281,213394
1401281,984629
1401281,1006136
1401281,1137823
1401281,32559
1401281,1493396
1401281,1462
1550787,1986909
1550787,1580576
1550787,1985753
1550787,5712113
1550787,1738301
464324,1396648
464324,1634176
464324,5143344
464324,1617440
464324,5735831
1543621,5678854
1543621,5678855
1543621,5678856
1543621,5678858
1543621,5678859
1543621,5678860
1543621,5678861
1543621,5678862
1543621,5678864
1543621,5678867
1102280,3324819
1102280,3226052
1102280,3325012
1102280,4285400
1102280,3324825
1102280,3324829
1102280,3226044
1102280,3324821
1102280,3324837
1102280,3324831
1313226,2390967
1313226,1167055
1313226,2432596
1313226,5372398
1313226,1026092
1313226,1295194
1313226,1123354
1313226,20668
1313226,5703081
1313226,126607
1238478,2124246
1238478,4509751
1238478,4509753
1221071,1029847
1567187,5773810
1567187,5773811
1567187,4244263
1567187,5773813
1567187,3021721
1567187,5773815
1567187,4129054
1567187,556854
1567187,5773816
1567187,5773817
1561049,1997022
1561049,1177861
1561049,43528
1353179,4927095
1320422,1695389
1320422,4845851
1320422,4308391
1320422,5697769
1320422,5697772
1320422,2569259
1320422,1533161
1320422,5697776
1315303,1295282
1315303,1571661
1315303,2600509
1315303,4979358
1315303,2745054
1315303,3675179
1315303,2718121
1315303,1399750
1315303,3645292
1315303,4799831
975335,258
975335,2304541
975335,1076721
975335,5400380
975335,1055162
975335,1204271
975335,85148
975335,2313544
975335,1208617
975335,2651372
1443302,1792414
1443302,1844055
1443302,1122102
1443302,1141384
1443302,1580404
1443302,3968811
1443302,2729803
1443302,5283644
1443302,4987875
1443302,5283646
1154538,1144092
1154538,216057
1154538,1273512
1154538,1570400
1154538,3341232
1154538,1805216
1154538,1414759
1154538,5744686
1154538,1232599
1561075,5605724
1561075,5605718
1561075,5605726
1561075,5605717
1290742,3382239
1290742,2070762
1290742,1618369
1290742,1138735
1290742,136682
1290742,1157939
1290742,136612
1290742,4666965
1290742,2203247
1528313,5527852
1528313,1097533
1506812,1074677
1506812,1689089
1506812,81667
1540605,85143
1540605,131867
1540605,10059
1540605,145609
1540605,4303772
1540605,2743264
1540605,1965853
1540605,3603748
1540605,2643146
1540605,1892298
1556992,5718622
1556992,5718624
1565186,1263401
1565186,1641700
1565186,2711423
1565186,1450198
1565186,1955450
1565186,1450197
1565186,4895932
1565186,5377018
1565186,2358038
1565186,4895946
1565189,1276869
1565189,5283900
1565189,3247292
1565189,2049345
1565189,1263400
1565189,1472180
1565189,4241253
1565189,1283605
1565189,1374518
1565189,5718730
1405448,5272654
521,7124
521,4070
521,7125
521,5182
521,7682
521,1217924
521,73980
521,933880
521,2781081
521,87518
1561097,5744266
1561097,5744267
1561097,5744269
1561097,5618947
1561097,4203122
1561097,5744276
1561097,5744298
1561097,4573627
1414667,1279250
1414667,1132631
1414667,111758
1414667,5174993
1541644,1194214
1541644,1446431
1541644,4249744
1541644,3046997
1541644,3556450
1543694,2227999
1543694,3398668
1543694,1501339
1543694,3188960
1543694,5120257
1508880,2768274
1508880,5546100
1508880,5546103
1508880,5666848
1508880,5546140
1508880,5546132
533,7317
533,5469
533,1283
533,7318
533,7319
533,7320
533,7321
533,34546
533,127149
533,8326
1137179,1257899
1137179,84996
1137179,1292971
1137179,2239782
1137179,3276709
1137179,2221392
1137179,2441975
1137179,3038166
1137179,1912573
1137179,1346900
1456667,58329
1456667,40481
1456667,74957
1456667,3183496
1456667,1999055
1456667,1194194
1456667,2533212
1456667,1070193
1562146,102436
1562146,5426462
1562146,1497315
1562146,5750390
1562146,112176
1562146,1330506
1562146,5750394
1562146,5750399
1562146,5750402
1562146,5750403
1318435,2252989
1318435,3823459
1318435,2631149
1318435,2739748
1318435,11152
1318435,1637781
1318435,1220768
1318435,212828
1318435,453
1318435,2059621
1566243,4407551
1566243,1669669
1566243,2761439
1566243,150285
1566243,3748387
1566243,5763170
1566243,5763172
1566243,3680361
1566243,5763173
1566243,5763174
1433125,5242536
1433125,5242537
1433125,5242539
1433125,5242559
1554983,3976398
1554983,3931015
1554983,3611133
1554983,5480034
1554983,1625683
1554983,5721136
1554983,3156442
1554983,3098837
1554983,4329664
1554983,5232964
812583,8784
812583,1206334
812583,515
812583,16851
812583,18973
812583,17604
812583,11703
812583,125660
812583,1683343
812583,1829245
1288748,5094592
1288748,5094593
1288748,5094595
1288748,5223879
1288748,5223880
1288748,4543233
1288748,5223883
1288748,4513558
1288748,5375516
1288748,5483561
15916,111965
15916,122566
15916,70133
1391153,1259143
1391153,1571809
1391153,1124160
1391153,1336367
1391153,2251141
1391153,4137347
1391153,1825816
1391153,1689546
1391153,3369271
1391153,2278761
1526321,4577933
1526321,4894925
1526321,35116
1526321,4034167
1526321,231246
1526321,1903721
1526321,1105211
1526321,107944
1526321,1175617
1526321,2744223
1464883,5403423
1464883,5403424
1464883,5403425
1464883,5403427
1464883,5689670
1464883,5689671
1464883,5689673
1464883,5689674
1464883,5689675
1464883,5689677
1517106,5579610
1517106,5579612
1517106,5579615
1517106,5579616
961077,5375369
961077,3748717
961077,5375376
961077,3498773
961077,2244768
961077,5375389
961077,2104529
961077,3502418
961077,5375393
961077,5375394
1464885,5749351
1464885,5749352
1464885,5749353
1464885,3873553
1464885,5749358
1464885,5150314
1464885,5150315
1355317,4138649
1355317,4936376
1355317,588129
1355317,4936377
1355317,4936379
1355317,4138619
1355317,4936380
1355317,4936381
1355317,4936382
766520,140
766520,5473638
766520,1333452
766520,1154564
766520,1713726
766520,932116
766520,2790026
766520,3755790
766520,205783
766520,1800173
1568312,5770917
1568312,5770919
1407548,69489
1407548,124754
1407548,53422
1407548,134541
1407548,5754491
1407548,20589
1407548,105868
1198654,36592
1198654,964792
1198654,77292
1198654,589652
1198654,195575
1198654,1546864
1198654,1428461
1198654,2908794
1198654,1684519
1198654,3928816
1538622,2636359
1538622,3067099
1538622,5373571
1383998,5045240
1383998,5045241
1383998,5045242
1383998,5045243
1557057,4825973
1557057,5646749
1557057,4825995
1557057,5729190
1565249,2271531
1565249,2269715
1565249,1470149
1565249,2269767
1565249,4873760
1565249,1682793
1514051,1560365
1514051,1844055
1514051,1228363
1517120,5579663
1517120,5579664
1312325,2099828
1312325,1475564
1312325,3434907
1312325,1011370
1561159,1590839
1561159,4436639
1561159,5744530
1514057,1474795
1514057,1782218
1514057,2210263
1517130,5648669
1517130,5648671
1517130,5648672
1517130,5648673
1517130,5648674
1517130,5648677
1517130,5648679
1464909,4772717
1464909,1975339
1464909,2135521
1464909,5726386
478798,43661
478798,940339
478798,56861
478798,78875
478798,74022
478798,944055
478798,1035980
478798,548616
478798,238973
478798,1897341
1363534,1636319
1363534,585019
1363534,2842063
1363534,4999724
1543765,4485229
1543765,4485223
1543765,4296501
1543765,1321953
1543765,4328335
1543765,3701772
1543765,4567745
1543765,4296498
667222,2636
667222,3681
667222,2638
667222,1076710
1556054,5724979
1556054,5724981
1322583,1197936
1322583,4294220
1322583,3860308
1322583,5143866
1322583,5143869
1322583,5143867
1322583,4991633
1322583,5143816
1322583,5143817
1322583,5143821
1259102,550843
1259102,996701
1259102,1371041
1259102,1180099
1259102,52462
1259102,1542758
1259102,53937
1259102,3263366
1259102,3295317
1259102,1828125
607845,21688
607845,75912
607845,2519070
607845,2035488
607845,240948
607845,550683
607845,1254981
607845,1607570
607845,2084416
607845,1482672
1429093,1303873
1429093,4135763
1429093,1737507
1429093,3513743
1429093,1046665
1429093,3884616
1429093,1579625
1429093,1099303
651881,118178
651881,14606
651881,78421
651881,82288
651881,113603
651881,1075115
651881,2409322
651881,20082
651881,28675
651881,280
1565289,5599995
1565289,5759283
1565289,5594697
1565289,5759284
1565289,5679121
1565289,5599994
1565289,5594684
1403499,2874037
1403499,3746991
1403499,1903772
1403499,1473957
1403499,4055045
1403499,2835527
1403499,1737508
1403499,1515510
1403499,2669542
1403499,1046665
1287782,2496576
1287782,146114
1287782,586486
1287782,1776779
1287782,3065218
1406569,225411
1406569,1470351
1406569,476556
1406569,3258580
1406569,25878
1406569,55589
1406569,1847915
1406569,231
1406569,141217
1406569,1431050
1547882,96792
1547882,1292329
1547882,1223435
1547882,3962163
1468009,5385067
1468009,5385069
1398383,110364
1397364,72782
1397364,132844
1397364,110797
1397364,1312428
1397364,1277390
1397364,1922417
1397364,4955864
1397364,1871752
1397364,263002
1397364,1448630
1549946,2773961
1549946,3318312
1549946,3838140
1463931,5750068
1463931,5750069
1463931,5750071
1463931,5750072
1294972,20332
1294972,1186981
1294972,100765
1294972,237362
1294972,120434
1294972,2722609
1294972,216448
1294972,1388751
1294972,3536483
1294972,1256603
1548929,5698557
1548929,5698558
1548929,5698559
1555074,5721419
1557125,4742198
1557125,4047606
1557125,4578112
1557125,4589506
1557125,5729242
1317512,5188884
1317512,2158882
1317512,5581948
1317512,2956508
1317512,5581952
1317512,5581839
1317512,1787992
1317512,1374543
1317512,39258
1317512,107751
1409673,2370049
1409673,2759839
1568394,5771195
1568394,5771199
1568394,5771200
1568394,5771201
323214,1432542
323214,1109315
323214,1432547
1287822,1387
1287822,136661
1287822,1202494
1287822,3253726
1287822,4754688
1287822,1501778
1552016,1120572
1552016,584171
1552016,3166784
1552016,5710164
1552016,5710165
1353361,5006829
1353361,5006836
1353361,5006839
1353361,5006840
660120,1576786
660120,71610
660120,1083266
660120,574243
660120,1479227
660120,99056
660120,1479362
660120,3267200
660120,3267201
660120,2108561
1243800,509344
1243800,5183185
1243800,2841737
1243800,5183188
1243800,5183187
872096,51102
872096,16374
872096,76826
872096,67902
872096,971262
872096,142448
872096,1578442
872096,193450
872096,1909815
872096,1375679
1149614,5396666
1149614,507837
1149614,1622950
1149614,113332
1149614,90201
1149614,5453962
1149614,1163335
1149614,5456167
676527,5750789
676527,147042
676527,578512
676527,1183007
1494703,5573979
1465013,121456
1465013,1714046
1465013,5374666
1541819,2698691
1541819,2042177
1370814,33192
1370814,4577703
1370814,4998514
1370814,3088912
1370814,4998515
1370814,4998517
1370814,4998518
1370814,3818255
1370814,5638556
1480382,3120512
1480382,4813228
1480382,764
1480382,41645
1480382,5740784
1401542,2112859
1401542,1937533
1401542,3038410
1401542,2463266
1401542,1985544
1401542,1916087
1401542,1966740
1401542,5579472
1401542,5579477
1470150,565373
1470150,5393902
1340110,210126
1340110,4909516
1340110,1595506
1340110,1416383
1340110,1590305
1340110,81462
1340110,1236002
1340110,2578610
1340110,168331
1340110,2182164
1447630,2446795
1447630,64454
1416914,2828742
1416914,2547327
1416914,2746785
1416914,5176665
1416914,2272625
1416914,1269910
1416914,2790026
1416914,3023549
1416914,2640047
1561301,4936068
1561301,5744941
1561301,5041098
1561301,5406464
1561301,5532041
1561301,5744947
1508069,2034251
1508069,2273538
1508069,2021578
1508069,1157390
1508069,1826302
1508069,1830161
1508069,3060088
1508069,2138500
1508069,4291956
1508069,1001667
1537768,4206603
1537768,129702
1537768,1237852
1537768,3663524
1537768,2415162
1537768,1186980
1537768,4878656
1537768,4864799
1537768,1161468
1537768,2959275
1551081,5414209
1568490,1649055
1568490,4490530
1568490,5357224
1568490,2732098
1568490,3355025
1568490,5385506
1568490,3350095
1568490,4703167
1523438,4336666
1523438,213290
1523438,544601
1523438,588809
1523438,130715
1523438,5171415
1523438,5599505
1523438,5599507
1523438,4944262
1523438,5051606
1369840,2078756
1369840,2152137
1369840,2176628
1369840,1676581
1369840,1896680
1369840,1272029
1369840,1889858
1369840,5148506
1369840,1365650
1369840,1248644
1081077,10139
1081077,1144713
1081077,10279
1081077,1090808
1081077,1219975
1081077,10280
1081077,2298118
1081077,5025457
1394423,45879
1394423,225233
1559292,5738384
1559292,5738387
1559292,4776994
916224,1564419
916224,1256882
916224,110058
916224,1018944
916224,1732483
916224,3661042
916224,119143
916224,228527
916224,225730
916224,3936012
1322752,1252995
1322752,1253023
1322752,148449
1322752,2405530
1322752,4856392
1322752,2415366
1322752,1922612
1322752,1452028
1322752,2140829
1322752,1057990
1383172,5042368
1383172,5042369
1383172,5042370
1383172,5042372
1383172,3407703
1383172,2745254
1383172,980177
1383172,589434
1383172,3454006
1487621,1548600
1487621,4829317
1487621,1548704
1487621,5462997
1487621,1548619
1487621,5462999
1487621,5463000
1487621,1593589
1487621,1794118
1487621,3834779
603909,2318116
603909,2318117
603909,942216
603909,937256
603909,2318120
1278728,4670108
1278728,4670109
1278728,4670110
1285895,5293
1285895,1260481
1285895,1508173
1285895,1455785
1285895,1232496
1285895,1831647
1285895,3209937
1285895,2053464
1285895,47640
1285895,2126167
1552136,5710634
1442571,4829129
1442571,5280568
1442571,3806215
1442571,5280569
1476362,123879
1476362,1212871
1476362,3047804
1476362,228704
1476362,150396
1476362,61639
1476362,105836
1476362,61637
1476362,3014802
1476362,1887855
1568524,5672064
1568524,5675464
1491727,5479392
1491727,5479393
1491727,5447882
1491727,5479394
1491727,4785309
1491727,5479395
1553167,5714812
1553167,2513991
1244944,1853909
1244944,60199
1244944,2170322
1244944,4697723
1244944,62649
1244944,5477215
1140498,21200
1140498,4784
1140498,1658802
1140498,51329
1140498,4003
1140498,8785
1140498,52601
1140498,12110
1140498,4163392
1140498,2526560
1566483,5763967
1566483,5763968
1566483,5763971
1566483,5763959
1566483,5763965
1566483,5763963
1160981,1929194
1160981,3218480
1160981,2117360
1160981,3888949
1160981,1237913
1160981,2273915
1160981,1696022
1160981,4011313
1160981,2437713
1160981,4025433
1336089,4824278
1336089,4894474
1336089,5723779
1288987,1476095
1288987,1676666
1288987,4152933
1288987,4157469
1288987,4830117
1288987,3090228
1288987,4830118
1288987,4830119
1288987,4830121
1288987,1380973
572195,974270
572195,1330423
572195,564844
572195,1750380
572195,1171951
572195,1387126
572195,1087043
572195,1128004
572195,552570
572195,1464070
1514275,2777221
1514275,3194813
1514275,4810653
1514275,1541719
1514275,1603022
1542948,5687705
1542948,5687700
1542948,3818465
1542948,5687708
1542948,5687709
1435428,1655675
1435428,5251291
1435428,3758858
1435428,4318737
1435428,5251296
1435428,5603056
1035047,2025945
1035047,980177
1035047,566101
1035047,1650385
1035047,3385718
1035047,127852
1035047,136588
1035047,5383839
1035047,1095650
1035047,1580848
793387,1024395
793387,1471054
793387,557133
793387,1206963
793387,1418762
793387,2485848
793387,1243892
793387,2431103
793387,1968440
793387,3443107
1564459,4544635
1561392,2372146
1561392,5745191
1561392,5745192
1528625,3677275
1528625,3698229
1528625,1880100
1528625,1882002
1528625,4849782
1528625,3228786
1528625,4281772
1528625,5619848
1327926,4599140
1327926,2963587
1327926,3969030
1001270,1463931
1001270,1778499
1001270,1086261
1001270,87224
1001270,233170
1001270,1726015
1001270,3693939
1001270,2375399
1001270,5579062
1001270,5579063
1562424,5749858
1562424,5748822
481084,25072
481084,6885
481084,56734
481084,1442069
481084,208519
481084,19767
481084,73931
481084,19
481084,519
481084,11514
1558332,4411615
1558332,5526631
1557315,5705605
1557315,5217700
1557315,5729796
1557315,3107162
1557315,5409414
1557315,5729798
1557315,5729799
1557315,5729800
1557315,3817562
1339206,20879
1339206,1157294
1339206,136295
1339206,103804
1339206,1792852
1339206,1163622
1339206,1367249
1339206,1373625
1339206,1522303
1339206,4905567
1530695,5628609
1530695,5628612
1530695,5628655
1530695,5628656
1530695,5628657
1530695,5615275
1530695,5628659
1530695,5628660
1530695,5258573
1530695,5628588
1568588,1833068
1568588,2831852
1562448,1396466
1562448,5748976
1562448,2383380
1562448,1839290
1562448,5748979
1562448,4301919
1562448,5748980
1562448,5748981
1562448,5748984
1562448,4576158
1270612,42125
1270612,10061
1270612,326448
1270612,1584335
1270612,1197396
1270612,582970
1270612,2144590
1270612,550442
1270612,1546508
1270612,1130505
1297238,109434
1297238,238974
1297238,1161019
1297238,1276628
1297238,24011
1297238,71049
1297238,99692
1297238,3763544
1297238,4007882
1297238,2231117
1568604,5691385
1568604,5772035
1564509,5673201
1564509,5755879
1564509,1334169
1564509,87967
1564509,103841
1564509,5755880
1564509,5755881
1564509,5755882
1564509,3102564
1564509,5755883
645985,929574
645985,1155298
645985,1336804
645985,1246517
645985,573792
645985,1856377
645985,1254630
645985,93996
645985,2152487
645985,1112238
1568610,5772050
1568610,5772051
1568610,2522021
1568610,4970493
1516391,1508922
1478506,4365742
1478506,5428277
1478506,4365745
1478506,5428280
1478506,5428281
1368940,4201890
1368940,2013546
1368940,4991055
1368940,5000807
1368940,4265861
1368940,4435695
1368940,5001603
1368940,4082453
1368940,5005650
1368940,5005653
1218412,132429
1218412,3925337
1218412,4487775
1218412,134100
1218412,5403554
1218412,5403553
1218412,5403555
1218412,4487774
1316719,571172
1316719,554945
1316719,1254975
1316719,2987023
1316719,2240033
1316719,577397
1316719,2204431
1316719,2185339
1316719,2078412
1316719,96663
1471345,93650
1471345,2140917
1471345,1240538
1471345,1728871
1471345,1266344
1471345,3753239
1471345,50927
1471345,4530836
1471345,1409171
1471345,2492912
1119090,3386069
1119090,3386070
1119090,3386072
1119090,2513025
1119090,4177020
1119090,5391645
1119090,4177017
1119090,3491556
1119090,2513025
1119090,3563806
1496950,2630268
1496950,5771958
1496950,5771959
1470329,3102289
1470329,4271909
1470329,1202564
1470329,231723
1470329,2514716
1483644,5447896
1483644,5447897
1483644,1891885
1483644,5447898
1483644,4099901
1241983,33192
1241983,72855
1241983,3905
1241983,62105
1241983,15684
1241983,5365
1241983,883
1241983,1110537
1241983,4942
1241983,4178064
1477506,53023
1477506,6968
1477506,3119137
1477506,144680
1012611,5205562
1012611,5549065
1012611,5549067
1012611,5549068
1481603,2010250
1481603,1982801
1481603,3455369
1481603,3237965
1481603,1637322
1550214,1663680
1550214,1208137
1550214,2403855
1550214,5494520
1550214,5703633
1550214,5703587
1550214,1591104
1550214,189756
1392527,4429725
1392527,107708
1392527,123739
1392527,1505062
1392527,2797433
1392527,2167981
1392527,5160346
1392527,3237708
1456017,1482909
1456017,4839832
1456017,5332493
1456017,3218755
1553299,1790591
1553299,5707926
1553299,5771836
1553299,5111166
1553299,5771837
1553299,5771840
1553299,5771841
1553299,5771842
1553299,5771844
1436570,4916781
1436570,5255790
1436570,75064
1436570,1859382
1436570,4430518
1436570,3655971
1436570,3771515
1436570,5255794
1436570,1531823
1436570,5257153
1553306,4586208
1553306,5715315
1553306,5715317
1553306,5715319
1553306,5715320
1553306,5715321
1553306,5715324
1553306,5715325
1553306,4685859
1553306,3345376
1510310,5570859
858024,1498158
858024,2326151
858024,1639
858024,1496392
858024,3115247
858024,73287
858024,4088089
858024,4945576
858024,2500901
858024,1590759
991146,2152642
991146,2546112
991146,3598865
991146,2152676
991146,3598876
1031084,2355348
1031084,1086358
1031084,1731623
1031084,3126115
1031084,1575581
1031084,1082398
1031084,5690497
1031084,5690498
1031084,5690499
1031084,5748026
1318829,2968734
1318829,5551443
1318829,2968732
1318829,2968733
1318829,1649442
1318829,5031287
1318829,1404682
1318829,1548827
1318829,2134971
1318829,1801150
1406894,1561997
1406894,2293430
1406894,2162309
1406894,2729182
1406894,1832785
1406894,1117063
1406894,2683342
1406894,2538827
1406894,2742510
1406894,550565
1063857,72731
1063857,123701
1063857,2217481
1063857,985095
1063857,551605
1063857,3839622
1063857,1570777
1063857,1334855
1063857,1191058
1063857,2566151
1323953,2871553
1323953,4409726
1323953,1346898
1505202,1869559
1505202,5579823
1505202,3179901
1505202,1440292
1505202,1366398
1505202,1770584
1505202,2740652
1505202,2259995
1505202,1532386
1505202,1724464
1259443,4990393
1259443,1251223
1259443,2959453
1259443,2296024
1259443,1371299
1259443,1017333
1259443,5368630
1259443,4287770
1259443,2564424
1259443,4865884
419767,1434042
419767,1690280
419767,1690276
419767,2354670
419767,1857060
419767,1939864
419767,1434044
1457080,15899
1457080,2067303
1457080,5339747
1457080,3456683
1440696,3147600
1440696,5367474
1440696,5367477
1360829,2076433
1360829,24647
1360829,1613379
1360829,1325236
1360829,84504
1360829,3309472
1360829,1368254
1377214,4954059
1377214,4954056
1377214,5465271
1377214,5465274
1510333,2364112
1510333,5593622
1510333,5593623
1510333,5593624
1063873,1171510
1063873,2199581
1063873,579211
1063873,4536481
1063873,5760892
1063873,22311
1063873,1613123
1063873,41037
1063873,1029294
1063873,1977894
1379266,1149341
1379266,1321982
1379266,1369137
1379266,83527
1379266,3860313
1379266,4314663
1379266,136191
1379266,3899
1379266,2109360
1379266,1096815
1566664,1288795
1566664,1507922
1566664,1499205
1566664,3765232
1566664,2427238
1233866,4491303
1233866,4491305
1233866,1280766
1233866,2196038
1233866,4491308
1233866,4220628
1233866,1059878
1233866,2108104
1233866,4491310
1233866,1969516
701387,54693
701387,88124
701387,5212114
701387,1400595
701387,5588
701387,5105206
701387,5105205
701387,4986018
701387,2978859
701387,5446529
1257420,123739
1257420,142965
1257420,575774
1257420,1984371
1257420,36074
1257420,2748110
1257420,5374029
1257420,4254283
1429453,3682227
1429453,75074
1429453,165424
1429453,5227284
1429453,2357013
1301454,1173805
1301454,2245285
1301454,65261
1301454,482101
1301454,1844393
1301454,2263547
1301454,3545954
1301454,3226256
1567695,5768709
1567695,5768722
1466319,2122379
1466319,4617693
1466319,2379893
1466319,575866
1466319,2086256
1466319,148093
1466319,1621705
1466319,2813501
1466319,3763838
1466319,2187096
1304527,2207680
1304527,4936016
1304527,2114443
1304527,2964031
1304527,148389
1304527,1377445
1568721,5773720
1220564,52583
1220564,2346588
1220564,4497686
1220564,2375667
1220564,143500
1220564,1475555
1220564,2652283
1220564,583446
1220564,1691901
1220564,228057
1520597,205349
1520597,1486120
1520597,3038181
1520597,1465608
969686,11149
969686,2673964
969686,1011071
969686,1266956
969686,2158033
969686,1918402
969686,3480042
969686,3531181
969686,3531186
969686,3531178
1259477,145121
1259477,4970377
1220566,57012
1220566,1886168
1220566,1835732
1220566,2960
1220566,103008
1220566,1887423
1220566,1887417
1220566,1730170
1220566,2784037
1220566,1609872
1564628,1578313
1564628,3322935
1564628,3317606
1564628,4673690
1564628,1478478
1564628,3688386
1564628,4673666
1564628,5029466
1564628,3903343
1564628,90027
1565658,5760859
1511384,2419617
1511384,1973571
1511384,1259064
1511384,1001667
1511384,1823303
1511384,1955612
1511384,2207948
1511384,1823280
1511384,1327728
1511384,142019
1400791,5216239
1568733,4810209
1568733,5772390
1568733,5772391
1217505,3141
1217505,2088734
1217505,144216
1217505,1252323
1217505,72128
408545,1660275
408545,1660276
408545,1660277
408545,1660279
408545,14813
408545,1367234
408545,1660274
1432547,3086952
1432547,1256603
1432547,119143
1432547,3457521
1432547,3803704
131044,144972
131044,1038551
131044,1073078
131044,1092651
131044,1092625
131044,1225742
1287141,10982
1287141,28846
1287141,80366
1287141,80149
1287141,1024242
1287141,5614144
1287141,1108724
1287141,1327860
1287141,2119567
1287141,3626160
1565671,5760901
700391,1023139
700391,1767250
700391,1696016
700391,98415
700391,1450385
1127407,1038002
1127407,2865120
1127407,190919
1127407,1038000
1127407,1123837
1127407,1035399
1127407,57195
1127407,1408667
1127407,1293988
1127407,1559372
639988,25002
639988,86889
639988,93999
639988,141548
639988,2084416
639988,1248450
639988,5646019
639988,4011201
639988,2992834
639988,3644029
1568757,4006010
